{"cameraMode":{"drawMode":0,"name":"Shaded","section":"Shading Mode"},"sceneLighting":true,"audioPlay":false,"sceneViewState":{"showFog":true,"showMaterialUpdate":false,"showSkybox":false,"showFlares":true,"showImageEffects":true,"showParticleSystems":true},"in2DMode":false,"pivot":{"x":-0.7961774468421936,"y":2.2541913986206056,"z":5.611791610717773},"rotation":{"x":0.2525491416454315,"y":-0.0008459889213554561,"z":0.00022302680008579046,"w":0.967602550983429},"size":26.278181076049806,"orthographic":false}