{"cameraMode":{"drawMode":0,"name":"Shaded","section":"Shading Mode"},"sceneLighting":true,"audioPlay":false,"sceneViewState":{"showFog":true,"showMaterialUpdate":false,"showSkybox":false,"showFlares":true,"showImageEffects":true,"showParticleSystems":true},"in2DMode":false,"pivot":{"x":5.860610008239746,"y":-11.368742942810059,"z":29.6569881439209},"rotation":{"x":0.19429047405719758,"y":0.17839233577251435,"z":-0.03595752641558647,"w":0.9639175534248352},"size":56.56724548339844,"orthographic":false}