{"cameraMode":{"drawMode":0,"name":"Shaded","section":"Shading Mode"},"sceneLighting":true,"audioPlay":false,"sceneViewState":{"showFog":true,"showMaterialUpdate":false,"showSkybox":false,"showFlares":true,"showImageEffects":true,"showParticleSystems":true},"in2DMode":false,"pivot":{"x":-1.2204627990722657,"y":6.938855171203613,"z":-3.0076332092285158},"rotation":{"x":0.009898163378238678,"y":-0.001499866135418415,"z":0.000014827955055807251,"w":0.9999505877494812},"size":15.64561653137207,"orthographic":false}