{"cameraMode":{"drawMode":0,"name":"Shaded","section":"Shading Mode"},"sceneLighting":true,"audioPlay":false,"sceneViewState":{"showFog":true,"showMaterialUpdate":false,"showSkybox":false,"showFlares":true,"showImageEffects":true,"showParticleSystems":true},"in2DMode":false,"pivot":{"x":-30.529632568359376,"y":8.685769081115723,"z":-9.008281707763672},"rotation":{"x":-0.0005215414566919208,"y":0.49861475825309756,"z":0.00029998799436725676,"w":0.8668236136436462},"size":-4.201951026916504,"orthographic":false}