{"cameraMode":{"drawMode":0,"name":"Shaded","section":"Shading Mode"},"sceneLighting":true,"audioPlay":false,"sceneViewState":{"showFog":true,"showMaterialUpdate":false,"showSkybox":false,"showFlares":true,"showImageEffects":true,"showParticleSystems":true},"in2DMode":false,"pivot":{"x":-4.800000190734863,"y":8.045781135559082,"z":-6.691129684448242},"rotation":{"x":0.108086496591568,"y":0.19258682429790498,"z":-0.021348387002944948,"w":0.9750785827636719},"size":16.546846389770509,"orthographic":false}