{"cameraMode":{"drawMode":0,"name":"Shaded","section":"Shading Mode"},"sceneLighting":true,"audioPlay":false,"sceneViewState":{"showFog":true,"showMaterialUpdate":false,"showSkybox":false,"showFlares":true,"showImageEffects":true,"showParticleSystems":true},"in2DMode":false,"pivot":{"x":-1.3473714590072632,"y":2.6457810401916506,"z":14.40487003326416},"rotation":{"x":0.07673246413469315,"y":-0.008349807001650334,"z":0.0006460725562646985,"w":0.9970370531082153},"size":35.131309509277347,"orthographic":false}