{"cameraMode":{"drawMode":0,"name":"Shaded","section":"Shading Mode"},"sceneLighting":true,"audioPlay":false,"sceneViewState":{"showFog":true,"showMaterialUpdate":false,"showSkybox":false,"showFlares":true,"showImageEffects":true,"showParticleSystems":true},"in2DMode":false,"pivot":{"x":-0.261962354183197,"y":6.991602897644043,"z":-9.55379867553711},"rotation":{"x":-0.16899354755878449,"y":0.006191683001816273,"z":-0.0010617783991619945,"w":-0.9856127500534058},"size":6.724412441253662,"orthographic":false}