{"cameraMode":{"drawMode":0,"name":"Shaded","section":"Shading Mode"},"sceneLighting":true,"audioPlay":false,"sceneViewState":{"showFog":true,"showMaterialUpdate":false,"showSkybox":false,"showFlares":true,"showImageEffects":true,"showParticleSystems":true},"in2DMode":false,"pivot":{"x":-2.934731960296631,"y":6.837438583374023,"z":7.687976837158203},"rotation":{"x":0.014395883306860924,"y":-0.016497546806931497,"z":0.00023754165158607066,"w":0.9997602701187134},"size":26.991111755371095,"orthographic":false}