{"cameraMode":{"drawMode":0,"name":"Shaded","section":"Shading Mode"},"sceneLighting":true,"audioPlay":false,"sceneViewState":{"showFog":true,"showMaterialUpdate":false,"showSkybox":false,"showFlares":true,"showImageEffects":true,"showParticleSystems":true},"in2DMode":false,"pivot":{"x":-30.529632568359376,"y":8.685769081115723,"z":-9.008281707763672},"rotation":{"x":0.22035184502601624,"y":0.39702120423316958,"z":-0.09880053251981735,"w":0.8854733109474182},"size":22.0,"orthographic":false}