{"cameraMode":{"drawMode":0,"name":"Shaded","section":"Shading Mode"},"sceneLighting":true,"audioPlay":false,"sceneViewState":{"showFog":true,"showMaterialUpdate":false,"showSkybox":false,"showFlares":true,"showImageEffects":true,"showParticleSystems":true},"in2DMode":false,"pivot":{"x":-0.4143563508987427,"y":5.298861980438232,"z":0.3363924026489258},"rotation":{"x":0.19088737666606904,"y":-0.04942598566412926,"z":0.009625932201743126,"w":0.9803418517112732},"size":14.434267044067383,"orthographic":false}