{"cameraMode":{"drawMode":0,"name":"Shaded","section":"Shading Mode"},"sceneLighting":true,"audioPlay":false,"sceneViewState":{"showFog":true,"showMaterialUpdate":false,"showSkybox":false,"showFlares":true,"showImageEffects":true,"showParticleSystems":true},"in2DMode":false,"pivot":{"x":-5.807925224304199,"y":5.367921829223633,"z":-9.655274391174317},"rotation":{"x":0.108086496591568,"y":0.19258682429790498,"z":-0.021348387002944948,"w":0.9750785827636719},"size":10.830005645751954,"orthographic":false}