{"cameraMode":{"drawMode":0,"name":"Shaded","section":"Shading Mode"},"sceneLighting":true,"audioPlay":false,"sceneViewState":{"showFog":true,"showMaterialUpdate":false,"showSkybox":false,"showFlares":true,"showImageEffects":true,"showParticleSystems":true},"in2DMode":false,"pivot":{"x":-14.56705379486084,"y":7.318171977996826,"z":-2.8529186248779299},"rotation":{"x":0.108086496591568,"y":0.19258682429790498,"z":-0.021348387002944948,"w":0.9750785827636719},"size":25.181106567382814,"orthographic":false}